row,latitude,lon_start,lon_end,frames
1,48.0080,17.0230,17.2498,85
2,48.0040,17.0230,17.2498,85
3,48.0000,17.0230,17.2498,85
4,47.9960,17.0230,17.2498,85
5,47.9920,17.0230,17.2498,85
6,47.9880,17.0230,17.2498,85
7,47.9840,17.0230,17.2498,85
8,47.9800,17.0230,17.2498,85
9,47.9760,17.0230,17.2498,85
10,47.9720,17.0230,17.2498,85
11,47.9680,17.0230,17.2498,85
12,47.9640,17.0230,17.2498,85
13,47.9600,17.0230,17.2498,85
14,47.9560,17.0230,17.2498,85
15,47.9520,17.0230,17.2498,85
16,47.9480,17.0230,17.2498,85
17,47.9440,17.0230,17.2498,85
18,47.9400,17.0230,17.2498,85
19,47.9360,17.0230,17.2498,85
20,47.9320,17.0230,17.2498,85
21,47.9280,17.0230,17.2498,85
22,47.9240,17.0230,17.2498,85
23,47.9200,17.0230,17.2498,85
24,47.9160,17.0230,17.2498,85
25,47.9120,17.0230,17.2498,85
26,47.9080,17.0230,17.2498,85
27,47.9040,17.0230,17.2498,85
28,47.9000,17.0230,17.2498,85
29,47.8960,17.0230,17.2498,85
30,47.8920,17.0230,17.2498,85
31,47.8880,17.0230,17.2498,85
32,47.8840,17.0230,17.2498,85
33,47.8800,17.0230,17.2498,85
34,47.8760,17.0230,17.2498,85
35,47.8720,17.0230,17.2498,85
36,47.8680,17.0230,17.2498,85
37,47.8640,17.0230,17.2498,85
